Designator,Val,Package,MidX,MidY,Rotation,Layer
C1,100nF,C_0603_1608Metric,118.364,-85.852,180,top
C2,100nF,C_0603_1608Metric,128.016,-85.852,180,top
C3,100nF,C_0603_1608Metric,137.668,-85.852,180,top
C4,100nF,C_0603_1608Metric,147.587,-85.852,180,top
C5,100nF,C_0603_1608Metric,157.48,-85.852,180,top
C6,100nF,C_0603_1608Metric,167.132,-85.852,180,top
C7,100nF,C_0603_1608Metric,176.784,-85.852,180,top
C8,100nF,C_0603_1608Metric,186.677,-85.852,180,top
LED1,LED,LED_1206_3216Metric,118.364,-83.312,0,top
LED2,LED,LED_1206_3216Metric,128.016,-83.312,0,top
LED3,LED,LED_1206_3216Metric,137.668,-83.312,0,top
LED4,LED,LED_1206_3216Metric,147.32,-83.312,0,top
LED5,LED,LED_1206_3216Metric,157.48,-83.312,0,top
LED6,LED,LED_1206_3216Metric,167.132,-83.312,0,top
LED7,LED,LED_1206_3216Metric,176.784,-83.312,0,top
LED8,LED,LED_1206_3216Metric,186.436,-83.312,0,top
R1,33R,R_1210_3225Metric,194.056,-90.932,90,top
U1,KM41C16000C,SOJ-24,118.248,-93.472,90,top
U2,KM41C16000C,SOJ-24,128.004,-93.472,90,top
U3,KM41C16000C,SOJ-24,137.76,-93.472,90,top
U4,KM41C16000C,SOJ-24,147.516,-93.472,90,top
U5,KM41C16000C,SOJ-24,157.272,-93.472,90,top
U6,KM41C16000C,SOJ-24,167.028,-93.472,90,top
U7,KM41C16000C,SOJ-24,176.784,-93.472,90,top
U8,KM41C16000C,SOJ-24,186.54,-93.472,90,top
